,Reference,ID,source,year,names
0,"Barrett, S. C. H., and K. Helenurm. 1987. The Reproductive-Biology of Boreal Forest Herbs.1. Breeding Systems and Pollination. Canadian Journal of Botany 65:2036-2046.",M_PL_004,binary,1987,Barrett
1,"Dicks, LV, Corbet, SA and Pywell, RF 2002. Compartmentalization in plant–insect flower visitor webs. J. Anim. Ecol. 71: 32–43.",M_PL_006,binary,2002,Dicks
2,"Dicks, LV, Corbet, SA and Pywell, RF 2002. Compartmentalization in plant–insect flower visitor webs. J. Anim. Ecol. 71: 32–43.",M_PL_007,binary,2002,Dicks
3,"Ollerton, J., S. D. Johnson, L. Cranmer, and S. Kellie. 2003. The pollination ecology of an assemblage of grassland asclepiads in South Africa. Annals of Botany 92:807-834.",M_PL_013,binary,2003,Ollerton
4,Memmott J. 1999. The structure of a plant-pollinator food web. Ecology Letters 2:276-280.,M_PL_017,binary,1999,Memmott
5,"Inouye, D. W., and G. H. Pyke. 1988. Pollination biology in the Snowy Mountains of Australia: comparisons with montane Colorado, USA. Australian Journal of Ecology 13:191-210.",M_PL_019,binary,1988,Inouye
6,"Mosquin, T., and J. E. H. Martin. 1967. Observations on the pollination biology of plants on Melville Island, N.W.T., Canada. Canadian Field Naturalist 81:201-205.",M_PL_024,binary,1967,Mosquin
7,"Motten, A. F. 1982. Pollination Ecology of the Spring Wildflower Community in the Deciduous Forests of Piedmont North Carolina. Doctoral Dissertation thesis, Duke University, Duhram, North Carolina, USA; Motten, A. F. 1986. Pollination ecology of the spring wildflower community of a temperate deciduous forest. Ecological Monographs 56:21-42.",M_PL_025,binary,1982,Motten
8,"Small, E. 1976. Insect pollinators of the Mer Bleue peat bog of Ottawa. Canadian Field Naturalist 90:22-28.",M_PL_033,binary,1976,Small
9,"Ingversen TT (2006). Plant–pollinator interactions on Jamaica and Dominica: The centrality, asymmetry and modularity of networks. Msc thesis (Univ of Aarhus, Aarhus, Denmark).",M_PL_040,binary,2006,Ingversen
10,"Ingversen TT (2006) MSc thesis (Univ of Aarhus, Aarhus, Denmark). (MSc, 2006, Tanja Toftemark Ingversen, Plant–pollinator interactions on Jamaica and Dominica: The centrality, asymmetry and modularity of networks)",M_PL_041,binary,2006,Ingversen
11,"Kato M (2000).Anthophilous insect community and plant-pollinator interactions on Amami Islands in the Ryukyu Archipelago, Japan. Contr Biol Lab Kyoto Univ 29:157-252.",M_PL_044,binary,2000,Kato
12,"Lundgren R, Olesen JM (2005). The Dense and Highly Connected World of Greenland's Plants and Their Pollinators. Arc Antarc Alp Res 37:514-520.",M_PL_045,binary,2005,Lundgren
13,"Vázquez DP. 2002. Interactions among Introduced Ungulates, Plants, and Pollinators: A Field Study in the Temperate Forest of the Southern Andes. Ph.D. Dissertation. Department of Ecology and Evolutionary Biology, University of Tennessee, Knoxville.",M_PL_051,binary,2002,Vázquez
14,"Kakutani, T., T. Inoue, M. Kato and H. Ichihashi (1990) Insect-flower relationship in the campus of Kyoto University, Kyoto: An overview of the flowering phenology and the seasonal pattern of insect visits. Contribution from the Biological Laboratory, Kyoto University, 27: 465-521.",M_PL_054,binary,1990,Kakutani
15,"Kato & Miura (1996). Flowering phenology and anthophilous insect community at a threatened natural lowland marsh at Nakaikemi in Tsuruga, Japan. Kyoto University, Vol. 29: 1-48",M_PL_055,binary,1996,Kato
16,"Kato et al. 1993. Flowering Phenology and Anthophilous Insect Community in the Cool-Temperate Subalpine Forests and Meadows at Mt. Kushigata in the Central Part of Japan. Contributions from the Biological Laboratory, Kyoto University 28: 119-172",M_PL_056,binary,1993,Kato
17,"Inoue et al 1990. Insect-flower Relationship in the Temperate Deciduous Forest of Kibune, Kyoto : An Overview of the Flowering Phenology and the Seasonal Pattern of Insect Visits.",M_PL_057,binary,1990,Inoue
18,"Bartomeus, I., Vilà, M. & Santamaria, L., 2008. Contrasting effects of invasive plants in plant-pollinator networks. Oecologia 155: 761-770.",M_PL_058,binary,2008,Bartomeus
19,"Bezerra ELS, Machado ICS, Mello MAR. 2009. Pollination networks of oil-flowers: a tiny world within the smallest of all worlds. Journal of Animal Ecology 78:1096–1101.",M_PL_059,binary,2009,Bezerra
20,"Kaiser-Bunbury, C. N., S. Muff, J. Memmott, C. B. Müller, and A. Caflisch. 2010. The robustness of pollination networks to the loss of species and interactions: A quantitative approach incorporating pollinator behaviour. Ecology Letters 13:442-452.",M_PL_060_01,binary,2010,Kaiser
21,"Kaiser-Bunbury, C. N., S. Muff, J. Memmott, C. B. Müller, and A. Caflisch. 2010. The robustness of pollination networks to the loss of species and interactions: A quantitative approach incorporating pollinator behaviour. Ecology Letters 13:442-452.",M_PL_060_02,binary,2010,Kaiser
22,"Kaiser-Bunbury, C. N., S. Muff, J. Memmott, C. B. Müller, and A. Caflisch. 2010. The robustness of pollination networks to the loss of species and interactions: A quantitative approach incorporating pollinator behaviour. Ecology Letters 13:442-452.",M_PL_060_03,binary,2010,Kaiser
23,"Kaiser-Bunbury, C. N., S. Muff, J. Memmott, C. B. Müller, and A. Caflisch. 2010. The robustness of pollination networks to the loss of species and interactions: A quantitative approach incorporating pollinator behaviour. Ecology Letters 13:442-452.",M_PL_060_04,binary,2010,Kaiser
24,"Kaiser-Bunbury, C. N., S. Muff, J. Memmott, C. B. Müller, and A. Caflisch. 2010. The robustness of pollination networks to the loss of species and interactions: A quantitative approach incorporating pollinator behaviour. Ecology Letters 13:442-452.",M_PL_060_05,binary,2010,Kaiser
25,"Kaiser-Bunbury, C. N., S. Muff, J. Memmott, C. B. Müller, and A. Caflisch. 2010. The robustness of pollination networks to the loss of species and interactions: A quantitative approach incorporating pollinator behaviour. Ecology Letters 13:442-452.",M_PL_060_06,binary,2010,Kaiser
26,"Kaiser-Bunbury, C. N., S. Muff, J. Memmott, C. B. Müller, and A. Caflisch. 2010. The robustness of pollination networks to the loss of species and interactions: A quantitative approach incorporating pollinator behaviour. Ecology Letters 13:442-452.",M_PL_060_07,binary,2010,Kaiser
27,"Kaiser-Bunbury, C. N., S. Muff, J. Memmott, C. B. Müller, and A. Caflisch. 2010. The robustness of pollination networks to the loss of species and interactions: A quantitative approach incorporating pollinator behaviour. Ecology Letters 13:442-452.",M_PL_060_08,binary,2010,Kaiser
28,"Kaiser-Bunbury, C. N., S. Muff, J. Memmott, C. B. Müller, and A. Caflisch. 2010. The robustness of pollination networks to the loss of species and interactions: A quantitative approach incorporating pollinator behaviour. Ecology Letters 13:442-452.",M_PL_060_09,binary,2010,Kaiser
29,"Kaiser-Bunbury, C. N., S. Muff, J. Memmott, C. B. Müller, and A. Caflisch. 2010. The robustness of pollination networks to the loss of species and interactions: A quantitative approach incorporating pollinator behaviour. Ecology Letters 13:442-452.",M_PL_060_10,binary,2010,Kaiser
30,"Kaiser-Bunbury, C. N., S. Muff, J. Memmott, C. B. Müller, and A. Caflisch. 2010. The robustness of pollination networks to the loss of species and interactions: A quantitative approach incorporating pollinator behaviour. Ecology Letters 13:442-452.",M_PL_060_11,binary,2010,Kaiser
31,"Kaiser-Bunbury, C. N., S. Muff, J. Memmott, C. B. Müller, and A. Caflisch. 2010. The robustness of pollination networks to the loss of species and interactions: A quantitative approach incorporating pollinator behaviour. Ecology Letters 13:442-452.",M_PL_060_12,binary,2010,Kaiser
32,"Kaiser-Bunbury, C. N., S. Muff, J. Memmott, C. B. Müller, and A. Caflisch. 2010. The robustness of pollination networks to the loss of species and interactions: A quantitative approach incorporating pollinator behaviour. Ecology Letters 13:442-452.",M_PL_060_13,binary,2010,Kaiser
33,"Kaiser-Bunbury, C. N., S. Muff, J. Memmott, C. B. Müller, and A. Caflisch. 2010. The robustness of pollination networks to the loss of species and interactions: A quantitative approach incorporating pollinator behaviour. Ecology Letters 13:442-452.",M_PL_060_14,binary,2010,Kaiser
34,"Kaiser-Bunbury, C. N., S. Muff, J. Memmott, C. B. Müller, and A. Caflisch. 2010. The robustness of pollination networks to the loss of species and interactions: A quantitative approach incorporating pollinator behaviour. Ecology Letters 13:442-452.",M_PL_060_15,binary,2010,Kaiser
35,"Kaiser-Bunbury, C. N., S. Muff, J. Memmott, C. B. Müller, and A. Caflisch. 2010. The robustness of pollination networks to the loss of species and interactions: A quantitative approach incorporating pollinator behaviour. Ecology Letters 13:442-452.",M_PL_060_16,binary,2010,Kaiser
36,"Kaiser-Bunbury, C. N., S. Muff, J. Memmott, C. B. Müller, and A. Caflisch. 2010. The robustness of pollination networks to the loss of species and interactions: A quantitative approach incorporating pollinator behaviour. Ecology Letters 13:442-452.",M_PL_060_17,binary,2010,Kaiser
37,"Kaiser-Bunbury, C. N., S. Muff, J. Memmott, C. B. Müller, and A. Caflisch. 2010. The robustness of pollination networks to the loss of species and interactions: A quantitative approach incorporating pollinator behaviour. Ecology Letters 13:442-452.",M_PL_060_18,binary,2010,Kaiser
38,"Kaiser-Bunbury, C. N., S. Muff, J. Memmott, C. B. Müller, and A. Caflisch. 2010. The robustness of pollination networks to the loss of species and interactions: A quantitative approach incorporating pollinator behaviour. Ecology Letters 13:442-452.",M_PL_060_19,binary,2010,Kaiser
39,"Kaiser-Bunbury, C. N., S. Muff, J. Memmott, C. B. Müller, and A. Caflisch. 2010. The robustness of pollination networks to the loss of species and interactions: A quantitative approach incorporating pollinator behaviour. Ecology Letters 13:442-452.",M_PL_060_20,binary,2010,Kaiser
40,"Kaiser-Bunbury, C. N., S. Muff, J. Memmott, C. B. Müller, and A. Caflisch. 2010. The robustness of pollination networks to the loss of species and interactions: A quantitative approach incorporating pollinator behaviour. Ecology Letters 13:442-452.",M_PL_060_21,binary,2010,Kaiser
41,"Kaiser-Bunbury, C. N., S. Muff, J. Memmott, C. B. Müller, and A. Caflisch. 2010. The robustness of pollination networks to the loss of species and interactions: A quantitative approach incorporating pollinator behaviour. Ecology Letters 13:442-452.",M_PL_060_22,binary,2010,Kaiser
42,"Kaiser-Bunbury, C. N., S. Muff, J. Memmott, C. B. Müller, and A. Caflisch. 2010. The robustness of pollination networks to the loss of species and interactions: A quantitative approach incorporating pollinator behaviour. Ecology Letters 13:442-452.",M_PL_060_23,binary,2010,Kaiser
43,"Kaiser-Bunbury, C. N., S. Muff, J. Memmott, C. B. Müller, and A. Caflisch. 2010. The robustness of pollination networks to the loss of species and interactions: A quantitative approach incorporating pollinator behaviour. Ecology Letters 13:442-452.",M_PL_060_24,binary,2010,Kaiser
44,"Kaiser-Bunbury CN, Vázquez DP, Stang M, Ghazoul J. 2014. Determinants of the microstructure of plant-pollinator networks. Ecology, 95: 3314-3324.",M_PL_061_01,binary,2014,Kaiser
45,"Kaiser-Bunbury CN, Vázquez DP, Stang M, Ghazoul J. 2014. Determinants of the microstructure of plant-pollinator networks. Ecology, 95: 3314-3324.",M_PL_061_02,binary,2014,Kaiser
46,"Kaiser-Bunbury CN, Vázquez DP, Stang M, Ghazoul J. 2014. Determinants of the microstructure of plant-pollinator networks. Ecology, 95: 3314-3324.",M_PL_061_03,binary,2014,Kaiser
47,"Kaiser-Bunbury CN, Vázquez DP, Stang M, Ghazoul J. 2014. Determinants of the microstructure of plant-pollinator networks. Ecology, 95: 3314-3324.",M_PL_061_04,binary,2014,Kaiser
48,"Kaiser-Bunbury CN, Vázquez DP, Stang M, Ghazoul J. 2014. Determinants of the microstructure of plant-pollinator networks. Ecology, 95: 3314-3324.",M_PL_061_05,binary,2014,Kaiser
49,"Kaiser-Bunbury CN, Vázquez DP, Stang M, Ghazoul J. 2014. Determinants of the microstructure of plant-pollinator networks. Ecology, 95: 3314-3324.",M_PL_061_06,binary,2014,Kaiser
50,"Kaiser-Bunbury CN, Vázquez DP, Stang M, Ghazoul J. 2014. Determinants of the microstructure of plant-pollinator networks. Ecology, 95: 3314-3324.",M_PL_061_07,binary,2014,Kaiser
51,"Kaiser-Bunbury CN, Vázquez DP, Stang M, Ghazoul J. 2014. Determinants of the microstructure of plant-pollinator networks. Ecology, 95: 3314-3324.",M_PL_061_08,binary,2014,Kaiser
52,"Kaiser-Bunbury CN, Vázquez DP, Stang M, Ghazoul J. 2014. Determinants of the microstructure of plant-pollinator networks. Ecology, 95: 3314-3324.",M_PL_061_09,binary,2014,Kaiser
53,"Kaiser-Bunbury CN, Vázquez DP, Stang M, Ghazoul J. 2014. Determinants of the microstructure of plant-pollinator networks. Ecology, 95: 3314-3324.",M_PL_061_10,binary,2014,Kaiser
54,"Kaiser-Bunbury CN, Vázquez DP, Stang M, Ghazoul J. 2014. Determinants of the microstructure of plant-pollinator networks. Ecology, 95: 3314-3324.",M_PL_061_11,binary,2014,Kaiser
55,"Kaiser-Bunbury CN, Vázquez DP, Stang M, Ghazoul J. 2014. Determinants of the microstructure of plant-pollinator networks. Ecology, 95: 3314-3324.",M_PL_061_12,binary,2014,Kaiser
56,"Kaiser-Bunbury CN, Vázquez DP, Stang M, Ghazoul J. 2014. Determinants of the microstructure of plant-pollinator networks. Ecology, 95: 3314-3324.",M_PL_061_13,binary,2014,Kaiser
57,"Kaiser-Bunbury CN, Vázquez DP, Stang M, Ghazoul J. 2014. Determinants of the microstructure of plant-pollinator networks. Ecology, 95: 3314-3324.",M_PL_061_14,binary,2014,Kaiser
58,"Kaiser-Bunbury CN, Vázquez DP, Stang M, Ghazoul J. 2014. Determinants of the microstructure of plant-pollinator networks. Ecology, 95: 3314-3324.",M_PL_061_15,binary,2014,Kaiser
59,"Kaiser-Bunbury CN, Vázquez DP, Stang M, Ghazoul J. 2014. Determinants of the microstructure of plant-pollinator networks. Ecology, 95: 3314-3324.",M_PL_061_16,binary,2014,Kaiser
60,"Kaiser-Bunbury CN, Vázquez DP, Stang M, Ghazoul J. 2014. Determinants of the microstructure of plant-pollinator networks. Ecology, 95: 3314-3324.",M_PL_061_17,binary,2014,Kaiser
61,"Kaiser-Bunbury CN, Vázquez DP, Stang M, Ghazoul J. 2014. Determinants of the microstructure of plant-pollinator networks. Ecology, 95: 3314-3324.",M_PL_061_18,binary,2014,Kaiser
62,"Kaiser-Bunbury CN, Vázquez DP, Stang M, Ghazoul J. 2014. Determinants of the microstructure of plant-pollinator networks. Ecology, 95: 3314-3324.",M_PL_061_19,binary,2014,Kaiser
63,"Kaiser-Bunbury CN, Vázquez DP, Stang M, Ghazoul J. 2014. Determinants of the microstructure of plant-pollinator networks. Ecology, 95: 3314-3324.",M_PL_061_20,binary,2014,Kaiser
64,"Kaiser-Bunbury CN, Vázquez DP, Stang M, Ghazoul J. 2014. Determinants of the microstructure of plant-pollinator networks. Ecology, 95: 3314-3324.",M_PL_061_21,binary,2014,Kaiser
65,"Kaiser-Bunbury CN, Vázquez DP, Stang M, Ghazoul J. 2014. Determinants of the microstructure of plant-pollinator networks. Ecology, 95: 3314-3324.",M_PL_061_22,binary,2014,Kaiser
66,"Kaiser-Bunbury CN, Vázquez DP, Stang M, Ghazoul J. 2014. Determinants of the microstructure of plant-pollinator networks. Ecology, 95: 3314-3324.",M_PL_061_23,binary,2014,Kaiser
67,"Kaiser-Bunbury CN, Vázquez DP, Stang M, Ghazoul J. 2014. Determinants of the microstructure of plant-pollinator networks. Ecology, 95: 3314-3324.",M_PL_061_24,binary,2014,Kaiser
68,"Kaiser-Bunbury CN, Vázquez DP, Stang M, Ghazoul J. 2014. Determinants of the microstructure of plant-pollinator networks. Ecology, 95: 3314-3324.",M_PL_061_25,binary,2014,Kaiser
69,"Kaiser-Bunbury CN, Vázquez DP, Stang M, Ghazoul J. 2014. Determinants of the microstructure of plant-pollinator networks. Ecology, 95: 3314-3324.",M_PL_061_26,binary,2014,Kaiser
70,"Kaiser-Bunbury CN, Vázquez DP, Stang M, Ghazoul J. 2014. Determinants of the microstructure of plant-pollinator networks. Ecology, 95: 3314-3324.",M_PL_061_27,binary,2014,Kaiser
71,"Kaiser-Bunbury CN, Vázquez DP, Stang M, Ghazoul J. 2014. Determinants of the microstructure of plant-pollinator networks. Ecology, 95: 3314-3324.",M_PL_061_28,binary,2014,Kaiser
72,"Kaiser-Bunbury CN, Vázquez DP, Stang M, Ghazoul J. 2014. Determinants of the microstructure of plant-pollinator networks. Ecology, 95: 3314-3324.",M_PL_061_29,binary,2014,Kaiser
73,"Kaiser-Bunbury CN, Vázquez DP, Stang M, Ghazoul J. 2014. Determinants of the microstructure of plant-pollinator networks. Ecology, 95: 3314-3324.",M_PL_061_30,binary,2014,Kaiser
74,"Kaiser-Bunbury CN, Vázquez DP, Stang M, Ghazoul J. 2014. Determinants of the microstructure of plant-pollinator networks. Ecology, 95: 3314-3324.",M_PL_061_31,binary,2014,Kaiser
75,"Kaiser-Bunbury CN, Vázquez DP, Stang M, Ghazoul J. 2014. Determinants of the microstructure of plant-pollinator networks. Ecology, 95: 3314-3324.",M_PL_061_32,binary,2014,Kaiser
76,"Kaiser-Bunbury CN, Vázquez DP, Stang M, Ghazoul J. 2014. Determinants of the microstructure of plant-pollinator networks. Ecology, 95: 3314-3324.",M_PL_061_33,binary,2014,Kaiser
77,"Kaiser-Bunbury CN, Vázquez DP, Stang M, Ghazoul J. 2014. Determinants of the microstructure of plant-pollinator networks. Ecology, 95: 3314-3324.",M_PL_061_34,binary,2014,Kaiser
78,"Kaiser-Bunbury CN, Vázquez DP, Stang M, Ghazoul J. 2014. Determinants of the microstructure of plant-pollinator networks. Ecology, 95: 3314-3324.",M_PL_061_35,binary,2014,Kaiser
79,"Kaiser-Bunbury CN, Vázquez DP, Stang M, Ghazoul J. 2014. Determinants of the microstructure of plant-pollinator networks. Ecology, 95: 3314-3324.",M_PL_061_36,binary,2014,Kaiser
80,"Kaiser-Bunbury CN, Vázquez DP, Stang M, Ghazoul J. 2014. Determinants of the microstructure of plant-pollinator networks. Ecology, 95: 3314-3324.",M_PL_061_37,binary,2014,Kaiser
81,"Kaiser-Bunbury CN, Vázquez DP, Stang M, Ghazoul J. 2014. Determinants of the microstructure of plant-pollinator networks. Ecology, 95: 3314-3324.",M_PL_061_38,binary,2014,Kaiser
82,"Kaiser-Bunbury CN, Vázquez DP, Stang M, Ghazoul J. 2014. Determinants of the microstructure of plant-pollinator networks. Ecology, 95: 3314-3324.",M_PL_061_39,binary,2014,Kaiser
83,"Kaiser-Bunbury CN, Vázquez DP, Stang M, Ghazoul J. 2014. Determinants of the microstructure of plant-pollinator networks. Ecology, 95: 3314-3324.",M_PL_061_40,binary,2014,Kaiser
84,"Kaiser-Bunbury CN, Vázquez DP, Stang M, Ghazoul J. 2014. Determinants of the microstructure of plant-pollinator networks. Ecology, 95: 3314-3324.",M_PL_061_41,binary,2014,Kaiser
85,"Kaiser-Bunbury CN, Vázquez DP, Stang M, Ghazoul J. 2014. Determinants of the microstructure of plant-pollinator networks. Ecology, 95: 3314-3324.",M_PL_061_42,binary,2014,Kaiser
86,"Kaiser-Bunbury CN, Vázquez DP, Stang M, Ghazoul J. 2014. Determinants of the microstructure of plant-pollinator networks. Ecology, 95: 3314-3324.",M_PL_061_43,binary,2014,Kaiser
87,"Kaiser-Bunbury CN, Vázquez DP, Stang M, Ghazoul J. 2014. Determinants of the microstructure of plant-pollinator networks. Ecology, 95: 3314-3324.",M_PL_061_44,binary,2014,Kaiser
88,"Kaiser-Bunbury CN, Vázquez DP, Stang M, Ghazoul J. 2014. Determinants of the microstructure of plant-pollinator networks. Ecology, 95: 3314-3324.",M_PL_061_45,binary,2014,Kaiser
89,"Kaiser-Bunbury CN, Vázquez DP, Stang M, Ghazoul J. 2014. Determinants of the microstructure of plant-pollinator networks. Ecology, 95: 3314-3324.",M_PL_061_46,binary,2014,Kaiser
90,"Kaiser-Bunbury CN, Vázquez DP, Stang M, Ghazoul J. 2014. Determinants of the microstructure of plant-pollinator networks. Ecology, 95: 3314-3324.",M_PL_061_47,binary,2014,Kaiser
91,"Kaiser-Bunbury CN, Vázquez DP, Stang M, Ghazoul J. 2014. Determinants of the microstructure of plant-pollinator networks. Ecology, 95: 3314-3324.",M_PL_061_48,binary,2014,Kaiser
92,"Vizentin-Bugoni, J., P. K. Maruyama, V. J. Debastiani, L. S. Duarte, B. Dalsgaard & M. Sazima (2016). Influences of sampling effort on detected patterns and structuring processes of a Neotropical plant-hummingbird network. Journal of Animal Ecology 85: 262-272.",M_PL_063,binary,2016,Vizentin
93,"Abreu, C.R.M. & Vieira, M.F. (2004) Os beija-flores e seus recursos florais em um fragmento florestal de Viçosa, sudeste brasileiro. Lundiana, 5, 129–134.",M_PL_064,binary,2004,Abreu
94,"Arizmendi, M.C. & Ornelas, J.F. (1990) Hummingbirds and their floral resources in a tropical dry forest inforest, in Mexico. Biotropica, 22, 172–180.",M_PL_065,binary,1990,Arizmendi
95,"Canela, M.B.F. (2006) Interações entre plantas e beija-flores numa comunidade de floresta atlântica montana em Itatiaia, RJ. Ph.D thesis. Universidade Estadual de Campinas, Brazil.",M_PL_066,binary,2006,Canela
96,"Las Casas, F.M.G., Azevedo Júnior, S.M. & Dias Filho, M.M. (2012) The community of hummingbirds
(Aves: Trochilidae) and the assemblage of flowers in a Caatinga vegetation. Brazilian Journal of Biology,
72, 51–58.",M_PL_067,binary,2012,Las
97,"Gutierrez Zamora, E.A. & Rojas Nossa, S.V. (2001) Dinámica anual de la interacción colibrí-flor en ecosistemas altoandinos del volcán Galeras, Sur de Colombia. BSc. Thesis. Universidad Nacional de Colombia, Colombia.",M_PL_068,binary,2001,Gutierrez
98,"Kohler, G. (2011) Redes de interação planta-beija-flor em um gradiente altitudinal de Floresta Atlântica no Sul do Brasil. MSc. Thesis. Universidade Federal do Paraná, Brazil.",M_PL_069_01,binary,2011,Kohler
99,"Kohler, G. (2011) Redes de interação planta-beija-flor em um gradiente altitudinal de Floresta Atlântica no Sul do Brasil. MSc. Thesis. Universidade Federal do Paraná, Brazil.",M_PL_069_02,binary,2011,Kohler
100,"Kohler, G. (2011) Redes de interação planta-beija-flor em um gradiente altitudinal de Floresta Atlântica no Sul do Brasil. MSc. Thesis. Universidade Federal do Paraná, Brazil.",M_PL_069_03,binary,2011,Kohler
101,"Lara, C. (2006) Temporal dynamics of flower use by hummingbirds in a highland temperate forest in México. Ecoscience, 13, 23–29.",M_PL_070,binary,2006,Lara
102,"Rosero, L. (2003) Interações planta/beija-flor em três comunidades vegetais da parte sul do Parque Nacional Natural Chiribiquete, Amazonas (Colombia). Ph.D. Thesis. Universidade Estadual de Campinas, Brazil",M_PL_071,binary,2003,Rosero
103,"Oppenheimer, R. L., and Lill, J. T. (2021). A Plant-Bee Visitation Network for Plummers Island, MD. Proceedings of the Entomological Society of Washington, 123(2): 365-381.",M_PL_073,binary,2021,Oppenheimer
0,"Arroyo, M.T.K., R. Primack & J.J. Armesto. 1982. Community studies in pollination ecology in the high temperate Andes of central Chile. I. Pollination mechanisms and altitudinal variation. Amer. J. Bot. 69:82-97.",M_PL_001,weighted,1982,Arroyo
1,"Arroyo, M.T.K., R. Primack & J.J. Armesto. 1982. Community studies in pollination ecology in the high temperate Andes of central Chile. I. Pollination mechanisms and altitudinal variation. Amer. J. Bot. 69:82-97.",M_PL_002,weighted,1982,Arroyo
2,"Arroyo, M.T.K., R. Primack & J.J. Armesto. 1982. Community studies in pollination ecology in the high temperate Andes of central Chile. I. Pollination mechanisms and altitudinal variation. Amer. J. Bot. 69:82-97.",M_PL_003,weighted,1982,Arroyo
3,"Clements, R. E., and F. L. Long. 1923, Experimental pollination. An outline of the ecology of flowers and insects. Washington, D.C., USA, Carnegie Institute of Washington.",M_PL_005,weighted,1923,Clements
4,"Dupont YL, Hansen DM and Olesen JM (2003) Structure of a plant-flower-visitor network in the high-altitude sub-alpine desert of Tenerife, Canary Islands. Ecography 26:301-310.",M_PL_008,weighted,2003,Dupont
5,"Elberling, H. & Olesen, J. M. 1999. The structure of a high latitude plant-pollinator system: The dominance of flies. Ecography 22:314-323.",M_PL_009,weighted,1999,Elberling
6,Elberling & Olesen unpubl.,M_PL_010,weighted,unknown,Elberling
7,"Olesen, J.M., Eskildsen, L.I. & Venkatasamy, S. (2002). Div. Distr., 8:181-192.",M_PL_011,weighted,2002,Olesen
8,Olesen unpubl.,M_PL_012,weighted,unknown,Olesen
9,"Hocking, B. 1968. Insect-flower associations in the high Arctic with special reference to nectar. Oikos 19:359-388.",M_PL_014,weighted,1968,Hocking
10,"Petanidou, T. (1991). Pollination ecology in a phryganic ecosystem. Unp. PhD. Thesis, Aristotelian University, Thessaloniki.",M_PL_015,weighted,1991,Petanidou
11,"Herrera, J. (1988) Pollination relatioships in southern spanish mediterranean shrublands. Journal of Ecology 76: 274-287.",M_PL_016,weighted,1988,Herrera
12,Olesen unpubl.,M_PL_018,weighted,unknown,Olesen
13,"Kevan P. G. 1970. High Arctic insect-flower relations: The interrelationships of arthropods and flowers at Lake Hazen, Ellesmere Island, Northwest Territories, Canada. Ph.D. thesis, University of Alberta, Edmonton, 399 pp.",M_PL_020,weighted,1970,Kevan
14,"Kato, M., Kakutani, T., Inoue, T. and Itino, T. (1990). Insect-flower relationship in the primary beech forest of Ashu, Kyoto: An overview of the flowering phenology and the seasonal pattern of insect visits. Contrib. Biol. Lab., Kyoto, Univ., 27, 309-375.",M_PL_021,weighted,1990,Kato
15,"Medan, D., N. H. Montaldo, M. Devoto, A. Mantese, V. Vasellati, and N. H. Bartoloni. 2002. Plant-pollinator relationships at two altitudes in the Andes of Mendoza, Argentina. Arctic Antarctic and Alpine Research 34:233-241.",M_PL_022,weighted,2002,Medan
16,"Medan, D., N. H. Montaldo, M. Devoto, A. Mantese, V. Vasellati, and N. H. Bartoloni. 2002. Plant-pollinator relationships at two altitudes in the Andes of Mendoza, Argentina. Arctic Antarctic and Alpine Research 34:233-241.",M_PL_023,weighted,2002,Medan
17,"McMullen, C. K. 1993. Flower-visiting insects of the Galapagos Islands. Pan-Pacific Entomologist 69:95-106",M_PL_026,weighted,1993,McMullen
18,"Primack, R.B. (1983). Insect pollination in the New Zealand mountain flora. New Zealand J. Bot. 21, 317-333. AP.",M_PL_027,weighted,1983,Primack
19,"Primack, R.B. (1983). Insect pollination in the New Zealand mountain flora. New Zealand J. Bot. 21, 317-333. Cass.",M_PL_028,weighted,1983,Primack
20,"Primack, R.B. (1983). Insect pollination in the New Zealand mountain flora. New Zealand J. Bot. 21, 317-333. Craigieb.",M_PL_029,weighted,1983,Primack
21,"Ramirez, N., and Y. Brito. 1992. Pollination Biology in a Palm Swamp Community in the Venezuelan Central Plains. Botanical Journal of the Linnean Society 110:277-302.",M_PL_030,weighted,1992,Ramirez
22,"Ramirez, N. (1989). Biología de polinización en una comunidad arbustiva tropical de la alta Guyana Venezolana. Biotropica 21, 319-330.",M_PL_031,weighted,1989,Ramirez
23,"Schemske, D. W., M. F. Willson, M. N. Melampy, L. J. Miller, L. Verner, K. M. Schemske, and L. B. Best. 1978. Flowering Ecology of Some Spring Woodland Herbs. Ecology 59:351-366.",M_PL_032,weighted,1978,Schemske
24,"Smith-Ramírez C., P. Martinez, M. Nuñez, C. González and J. J. Armesto (2005) Diversity, flower visitation frequency and generalism of pollinators in temperate rain forests of Chiloé Island,Chile. Botanical Journal of the Linnean Society, 2005, 147, 399–416.",M_PL_034,weighted,2005,Smith
25,"Percival, M. (1974). Floral Ecology of Coastal Scrub in Southeast Jamaica. Biotropica, 6, 104-129.",M_PL_035,weighted,1974,Percival
26,Olesen unpubl.,M_PL_036,weighted,unknown,Olesen
27,"Montero AC (2005).The Ecology of Three Pollination Networks. MSc thesis (Univ of Aarhus, Aarhus, Denmark).",M_PL_037,weighted,2005,Montero
28,"Montero AC (2005).The Ecology of Three Pollination Networks. MSc thesis (Univ of Aarhus, Aarhus, Denmark).",M_PL_038,weighted,2005,Montero
29,"Stald L (2003). Struktur og dynamik i rum og tid af et bestøvningsnetværk på Tenerife, De Kanariske Øer. Msc thesis (Univ of Aarhus, Aarhus, Denmark).",M_PL_039,weighted,2003,Stald
30,"Philipp M, Böcher J, Siegismund HR, Nielsen LR (2006) Ecography 29:531-540. (Philipp, M., Böcher, J., Siegismund, H. R. and Nielsen, L. R. 2006. Structure of a plant-pollinator network on a pahoehoe lava desert of the Galápagos Islands. – Ecography 29: 531– 40.)",M_PL_042,weighted,2006,Philipp
31,"Montero AC (2005).The Ecology of Three Pollination Networks. MSc thesis (Univ of Aarhus, Aarhus, Denmark).",M_PL_043,weighted,2005,Montero
32,"Bundgaard, M. (2003). Tidslig og rumlig variation i et plante-bestøvernetværk. Msc thesis. University of Aarhus. Aarhus, Denmark.",M_PL_046,weighted,2003,Bundgaard
33,"Dupont & Olesen(2009). J. Animal Ecology, 78:346-353.",M_PL_047,weighted,2009,Dupont
34,"Dupont & Olesen(2009). J. Animal Ecology, 78:346-353.",M_PL_048,weighted,2009,Dupont
35,"Bek S (2006). A pollination network from a Danish forest meadow. MSc thesis (Univ of Aarhus, Aarhus, Denmark).",M_PL_049,weighted,2006,Bek
36,"Stald, L., Valido, A. & Olesen, J. M. 2003. Struktur og dynamik i rum og tid at et bestøvningsnetværk på Tenerife, De Kanariske Øer. MSc-thesis, Univ. of Aarhus, Denmark.",M_PL_050,weighted,2003,Stald
37,"Witt P (1998) BSc thesis. Univ of Aarhus, Aarhus, Denmark.",M_PL_052,weighted,1998,Witt
38,"Yamazaki, K. & Kato, M. 2003. Flowering phenology and anthophilous insect community in a grassland ecosystem at Mt. Yufu, Western Japan. Contributions from the Biological Laboratory, Kyoto University 29: 255-318.",M_PL_053,weighted,2003,Yamazaki
39,"Robertson, C. 1929. Flowers and insects: lists of visitors to four hundred and fifty-three flowers. Carlinville, IL, USA, C. Robertson.",M_PL_062,weighted,1929,Robertson
40,"Sabatino M., Maceira N., Aizen A. M. (2010) Direct effects of habitat area on interaction diversity in pollination webs. Ecological Applications, 20(6), pp. 1491–1497",M_PL_072_01,weighted,2010,Sabatino
41,"Sabatino M., Maceira N., Aizen A. M. (2010) Direct effects of habitat area on interaction diversity in pollination webs. Ecological Applications, 20(6), pp. 1491–1497",M_PL_072_02,weighted,2010,Sabatino
42,"Sabatino M., Maceira N., Aizen A. M. (2010) Direct effects of habitat area on interaction diversity in pollination webs. Ecological Applications, 20(6), pp. 1491–1497",M_PL_072_03,weighted,2010,Sabatino
43,"Sabatino M., Maceira N., Aizen A. M. (2010) Direct effects of habitat area on interaction diversity in pollination webs. Ecological Applications, 20(6), pp. 1491–1497",M_PL_072_04,weighted,2010,Sabatino
44,"Sabatino M., Maceira N., Aizen A. M. (2010) Direct effects of habitat area on interaction diversity in pollination webs. Ecological Applications, 20(6), pp. 1491–1497",M_PL_072_05,weighted,2010,Sabatino
45,"Sabatino M., Maceira N., Aizen A. M. (2010) Direct effects of habitat area on interaction diversity in pollination webs. Ecological Applications, 20(6), pp. 1491–1497",M_PL_072_06,weighted,2010,Sabatino
46,"Sabatino M., Maceira N., Aizen A. M. (2010) Direct effects of habitat area on interaction diversity in pollination webs. Ecological Applications, 20(6), pp. 1491–1497",M_PL_072_07,weighted,2010,Sabatino
47,"Sabatino M., Maceira N., Aizen A. M. (2010) Direct effects of habitat area on interaction diversity in pollination webs. Ecological Applications, 20(6), pp. 1491–1497",M_PL_072_08,weighted,2010,Sabatino
48,"Sabatino M., Maceira N., Aizen A. M. (2010) Direct effects of habitat area on interaction diversity in pollination webs. Ecological Applications, 20(6), pp. 1491–1497",M_PL_072_09,weighted,2010,Sabatino
