orig_path,species,family
/networks/literature/weighted/10.1111_oik.07303_processed_100.csv,polygonum bistordes,NA
/networks/literature/weighted/10.1111_oik.07303_processed_101.csv,polygonum bistordes,NA
/networks/literature/weighted/1_Aigrettes_processed.csv,NA,NA
/networks/literature/weighted/10.1111_oik.07303_processed_103.csv,polygonum bistordes,NA
/networks/literature/weighted/10.1111_oik.07303_processed_102.csv,polygonum bistordes,NA
/networks/literature/weighted/10.1111_oik.07303_processed_0.csv,NA,NA
/networks/literature/weighted/10.1111_oik.07303_processed_0.csv,NA,NA
/networks/literature/weighted/10.1111_oik.07303_processed_0.csv,NA,NA
/networks/literature/weighted/10.1111_oik.07303_processed_0.csv,NA,NA
/networks/literature/weighted/10.1371_journal.pbio.0060031_Aigrettes_processed.csv,NA,NA
/networks/literature/weighted/10.1111_ele.13287_pinta_processed.csv,NA,NA
/networks/literature/weighted/10.1111_ele.13287_pinta_processed.csv,NA,NA
/networks/literature/weighted/10.1111_oik.07303_processed_104.csv,polygonum bistordes,NA
/networks/literature/weighted/10.1111_oik.07303_processed_138.csv,NA,NA
/networks/literature/weighted/1_Flores_processed.csv,NA,NA
/networks/literature/weighted/1_Flores_processed.csv,NA,NA
/networks/literature/weighted/1_Flores_processed.csv,NA,NA
/networks/literature/weighted/10.1111_oik.07303_processed_163.csv,NA,NA
/networks/literature/weighted/10.1111_oik.07303_processed_98.csv,polygonum bistordes,NA
/networks/literature/weighted/10.1111_oik.07303_processed_99.csv,polygonum bistordes,NA
/networks/literature/weighted/10.1111_oik.07303_processed_59.csv,NA,NA
/networks/literature/weighted/10.1111_oik.07303_processed_48.csv,picris hieracoides,NA
/networks/literature/weighted/10.1111_oik.07303_processed_48.csv,NA,NA
/networks/literature/weighted/10.1111_ele.13287_cruz_processed.csv,boerhaavia caribaea,NA
/networks/literature/weighted/10.1111_oik.07303_processed_91.csv,NA,NA
/networks/literature/weighted/10.1111_oik.07303_processed_46.csv,picris hieracoides,NA
/networks/literature/weighted/10.1111_oik.07303_processed_52.csv,NA,NA
/networks/literature/weighted/10.1111_oik.07303_processed_47.csv,picris hieracoides,NA
/networks/literature/weighted/10.1111_oik.07303_processed_90.csv,NA,NA
/networks/literature/weighted/10.1111_oik.07303_processed_90.csv,NA,NA
/networks/literature/weighted/10.1111_oik.07303_processed_90.csv,NA,NA
/networks/literature/weighted/10.1111_oik.07303_processed_90.csv,NA,NA
/networks/literature/weighted/10.1111_oik.07303_processed_90.csv,NA,NA
/networks/literature/weighted/10.1111_oik.07303_processed_90.csv,NA,NA
/networks/literature/weighted/10.1111_oik.07303_processed_84.csv,NA,NA
/networks/literature/weighted/10.1111_ele.13287_santiago_processed.csv,NA,NA
/networks/literature/weighted/10.1111_ele.13287_santiago_processed.csv,boerhaavia erecta,NA
/networks/literature/weighted/10.1111_oik.07303_processed_92.csv,NA,NA
/networks/literature/weighted/10.1111_oik.07303_processed_51.csv,picris hieracoides,NA
/networks/literature/weighted/10.1111_oik.07303_processed_51.csv,NA,NA
/networks/literature/weighted/10.1111_oik.07303_processed_45.csv,NA,NA
/networks/literature/weighted/10.1111_oik.07303_processed_45.csv,NA,NA
/networks/literature/weighted/10.1111_oik.07303_processed_50.csv,NA,NA
/networks/literature/weighted/10.1111_oik.07303_processed_87.csv,NA,NA
/networks/literature/weighted/10.1111_oik.07303_processed_93.csv,polygonum bistordes,NA
/networks/literature/weighted/10.1111_oik.07303_processed_140.csv,NA,NA
/networks/literature/weighted/10.1371_journal.pbio.0060031_Flores_processed.csv,NA,NA
/networks/literature/weighted/10.1371_journal.pbio.0060031_Flores_processed.csv,NA,NA
/networks/literature/weighted/10.1371_journal.pbio.0060031_Flores_processed.csv,NA,NA
/networks/literature/weighted/10.1111_ele.13287_fernandina_processed.csv,NA,NA
/networks/literature/weighted/10.1111_oik.07303_processed_97.csv,polygonum bistordes,NA
/networks/literature/weighted/10.1111_oik.07303_processed_40.csv,NA,NA
/networks/literature/weighted/10.1111_oik.07303_processed_40.csv,NA,NA
/networks/literature/weighted/10.1111_oik.07303_processed_41.csv,picris hieracoides,NA
/networks/literature/weighted/10.1111_oik.07303_processed_96.csv,NA,NA
/networks/literature/weighted/10.1111_oik.07303_processed_80.csv,NA,NA
/networks/literature/weighted/10.1111_oik.07303_processed_94.csv,polygonum bistordes,NA
/networks/literature/weighted/10.1111_oik.07303_processed_43.csv,picris hieracoides,NA
/networks/literature/weighted/10.1111_oik.07303_processed_42.csv,picris hieracoides,NA
/networks/literature/weighted/10.1111_oik.07303_processed_19.csv,NA,NA
/networks/literature/weighted/10.1111_oik.07303_processed_30.csv,NA,NA
/networks/literature/weighted/10.1111_oik.07303_processed_30.csv,NA,NA
/networks/literature/weighted/10.1111_oik.07303_processed_30.csv,NA,NA
/networks/literature/weighted/10.1111_oik.07303_processed_30.csv,NA,NA
/networks/literature/weighted/10.1111_oik.07303_processed_120.csv,NA,NA
/networks/literature/weighted/10.1111_oik.07303_processed_134.csv,NA,NA
/networks/literature/weighted/10.1111_ele.13287_cristobal_processed.csv,boerhaavia caribaea,NA
/networks/literature/weighted/10.1111_oik.07303_processed_33.csv,NA,NA
/networks/literature/weighted/10.1111_oik.07303_processed_23.csv,erigeron_speciosus,NA
/networks/literature/weighted/10.1111_oik.07303_processed_23.csv,heliomeris_multiflora,NA
/networks/literature/weighted/10.1111_oik.07303_processed_23.csv,androsace_septentrionalis,NA
/networks/literature/weighted/10.1111_oik.07303_processed_23.csv,boechera_stricta,NA
/networks/literature/weighted/10.1111_oik.07303_processed_23.csv,claytonia_lanceolata,NA
/networks/literature/weighted/10.1111_oik.07303_processed_23.csv,delphinium_nuttallianum,NA
/networks/literature/weighted/10.1111_oik.07303_processed_23.csv,NA,NA
/networks/literature/weighted/10.1111_oik.07303_processed_23.csv,NA,NA
/networks/literature/weighted/10.1111_oik.07303_processed_23.csv,arenaria_congesta,NA
/networks/literature/weighted/10.1111_oik.07303_processed_23.csv,NA,NA
/networks/literature/weighted/10.1111_oik.07303_processed_23.csv,senecio_integerrimus,NA
/networks/literature/weighted/10.1111_oik.07303_processed_23.csv,heterotheca_villosa,NA
/networks/literature/weighted/10.1111_oik.07303_processed_23.csv,potentilla_hippiana,NA
/networks/literature/weighted/10.1111_oik.07303_processed_23.csv,achillea_millefolium,NA
/networks/literature/weighted/10.1111_oik.07303_processed_23.csv,draba_aurea,NA
/networks/literature/weighted/10.1111_oik.07303_processed_23.csv,campanula_rotundifolia,NA
/networks/literature/weighted/10.1111_oik.07303_processed_23.csv,hydrophyllum_capitatum,NA
/networks/literature/weighted/10.1111_oik.07303_processed_23.csv,phacelia_heterophylla,NA
/networks/literature/weighted/10.1111_oik.07303_processed_23.csv,senecio_serra,NA
/networks/literature/weighted/10.1111_oik.07303_processed_23.csv,NA,NA
/networks/literature/weighted/10.1111_oik.07303_processed_23.csv,solidago_multiradiata,NA
/networks/literature/weighted/10.1111_oik.07303_processed_23.csv,vicia_americana,NA
/networks/literature/weighted/10.1111_oik.07303_processed_23.csv,eriogonum_subalpinum,NA
/networks/literature/weighted/10.1111_oik.07303_processed_23.csv,potentilla_gracilis,NA
/networks/literature/weighted/10.1111_oik.07303_processed_23.csv,viola_praemorsa,NA
/networks/literature/weighted/10.1111_oik.07303_processed_23.csv,mahonia_repens,NA
/networks/literature/weighted/10.1111_oik.07303_processed_23.csv,ipomopsis_aggregata,NA
/networks/literature/weighted/10.1111_oik.07303_processed_22.csv,NA,NA
/networks/literature/weighted/10.1111_oik.07303_processed_22.csv,NA,NA
/networks/literature/weighted/10.1111_oik.07303_processed_22.csv,NA,NA
/networks/literature/weighted/10.1111_oik.07303_processed_22.csv,NA,NA
/networks/literature/weighted/10.1111_oik.07303_processed_22.csv,NA,NA
/networks/literature/weighted/10.1111_oik.07303_processed_22.csv,NA,NA
/networks/literature/weighted/10.1111_oik.07303_processed_22.csv,NA,NA
/networks/literature/weighted/10.1111_oik.07303_processed_22.csv,NA,NA
/networks/literature/weighted/10.1111_oik.07303_processed_22.csv,NA,NA
/networks/literature/weighted/10.1111_oik.07303_processed_22.csv,NA,NA
/networks/literature/weighted/10.1111_oik.07303_processed_22.csv,NA,NA
/networks/literature/weighted/10.1111_oik.07303_processed_22.csv,NA,NA
/networks/literature/weighted/10.1111_oik.07303_processed_22.csv,NA,NA
/networks/literature/weighted/10.1111_oik.07303_processed_22.csv,NA,NA
/networks/literature/weighted/10.1111_oik.07303_processed_22.csv,NA,NA
/networks/literature/weighted/10.1111_oik.07303_processed_22.csv,NA,NA
/networks/literature/weighted/10.1111_oik.07303_processed_22.csv,NA,NA
/networks/literature/weighted/10.1111_oik.07303_processed_22.csv,NA,NA
/networks/literature/weighted/10.1111_oik.07303_processed_22.csv,NA,NA
/networks/literature/weighted/10.1111_oik.07303_processed_22.csv,NA,NA
/networks/literature/weighted/10.1111_oik.07303_processed_22.csv,NA,NA
/networks/literature/weighted/10.1111_oik.07303_processed_22.csv,NA,NA
/networks/literature/weighted/10.1111_oik.07303_processed_22.csv,NA,NA
/networks/literature/weighted/10.1111_oik.07303_processed_22.csv,NA,NA
/networks/literature/weighted/10.1111_oik.07303_processed_22.csv,NA,NA
/networks/literature/weighted/10.1111_oik.07303_processed_22.csv,NA,NA
/networks/literature/weighted/10.1111_oik.07303_processed_22.csv,NA,NA
/networks/literature/weighted/10.1111_oik.07303_processed_22.csv,NA,NA
/networks/web_of_life/weighted/M_PL_050.csv,NA,NA
/networks/web_of_life/weighted/M_PL_053.csv,NA,NA
/networks/web_of_life/weighted/M_PL_053.csv,NA,NA
/networks/web_of_life/weighted/M_PL_053.csv,NA,NA
/networks/web_of_life/weighted/M_PL_053.csv,NA,NA
/networks/web_of_life/weighted/M_PL_053.csv,NA,NA
/networks/web_of_life/weighted/M_PL_053.csv,NA,NA
/networks/web_of_life/weighted/M_PL_053.csv,NA,NA
/networks/web_of_life/weighted/M_PL_053.csv,NA,NA
/networks/web_of_life/weighted/M_PL_053.csv,NA,NA
/networks/web_of_life/weighted/M_PL_047.csv,NA,NA
/networks/web_of_life/weighted/M_PL_047.csv,NA,NA
/networks/web_of_life/weighted/M_PL_046.csv,NA,NA
/networks/web_of_life/weighted/M_PL_052.csv,NA,NA
/networks/web_of_life/weighted/M_PL_052.csv,NA,NA
/networks/web_of_life/weighted/M_PL_043.csv,NA,NA
/networks/web_of_life/weighted/M_PL_027.csv,NA,NA
/networks/web_of_life/weighted/M_PL_027.csv,NA,NA
/networks/web_of_life/weighted/M_PL_027.csv,NA,NA
/networks/web_of_life/weighted/M_PL_027.csv,NA,NA
/networks/web_of_life/weighted/M_PL_072_06.csv,achyrocline satureoides,NA
/networks/web_of_life/weighted/M_PL_072_06.csv,NA,NA
/networks/web_of_life/weighted/M_PL_072_06.csv,NA,NA
/networks/web_of_life/weighted/M_PL_072_07.csv,NA,NA
/networks/web_of_life/weighted/M_PL_072_07.csv,NA,NA
/networks/web_of_life/weighted/M_PL_026.csv,NA,NA
/networks/web_of_life/weighted/M_PL_026.csv,NA,NA
/networks/web_of_life/weighted/M_PL_026.csv,NA,NA
/networks/web_of_life/weighted/M_PL_026.csv,NA,NA
/networks/web_of_life/weighted/M_PL_026.csv,NA,NA
/networks/web_of_life/weighted/M_PL_018.csv,NA,NA
/networks/web_of_life/weighted/M_PL_030.csv,NA,NA
/networks/web_of_life/weighted/M_PL_072_05.csv,NA,NA
/networks/web_of_life/weighted/M_PL_072_05.csv,NA,NA
/networks/web_of_life/weighted/M_PL_072_05.csv,NA,NA
/networks/web_of_life/weighted/M_PL_072_05.csv,NA,NA
/networks/web_of_life/weighted/M_PL_072_04.csv,NA,NA
/networks/web_of_life/weighted/M_PL_035.csv,NA,NA
/networks/web_of_life/weighted/M_PL_035.csv,NA,NA
/networks/web_of_life/weighted/M_PL_035.csv,NA,NA
/networks/web_of_life/weighted/M_PL_021.csv,NA,NA
/networks/web_of_life/weighted/M_PL_021.csv,NA,NA
/networks/web_of_life/weighted/M_PL_021.csv,NA,NA
/networks/web_of_life/weighted/M_PL_072_01.csv,NA,NA
/networks/web_of_life/weighted/M_PL_072_01.csv,NA,NA
/networks/web_of_life/weighted/M_PL_072_01.csv,NA,NA
/networks/web_of_life/weighted/M_PL_072_01.csv,NA,NA
/networks/web_of_life/weighted/M_PL_008.csv,NA,NA
/networks/web_of_life/weighted/M_PL_020.csv,NA,NA
/networks/web_of_life/weighted/M_PL_036.csv,NA,NA
/networks/web_of_life/weighted/M_PL_072_03.csv,NA,NA
/networks/web_of_life/weighted/M_PL_072_03.csv,NA,NA
/networks/web_of_life/weighted/M_PL_072_03.csv,NA,NA
/networks/web_of_life/weighted/M_PL_072_03.csv,NA,NA
/networks/web_of_life/weighted/M_PL_072_03.csv,NA,NA
/networks/web_of_life/weighted/M_PL_072_02.csv,NA,NA
/networks/web_of_life/weighted/M_PL_072_02.csv,NA,NA
/networks/web_of_life/weighted/M_PL_072_02.csv,NA,NA
/networks/web_of_life/weighted/M_PL_072_02.csv,NA,NA
/networks/web_of_life/weighted/M_PL_012.csv,NA,NA
/networks/web_of_life/weighted/M_PL_012.csv,NA,NA
/networks/web_of_life/weighted/M_PL_012.csv,NA,NA
/networks/web_of_life/weighted/M_PL_012.csv,NA,NA
/networks/web_of_life/weighted/M_PL_012.csv,NA,NA
/networks/web_of_life/weighted/M_PL_012.csv,NA,NA
/networks/web_of_life/weighted/M_PL_005.csv,NA,NA
/networks/web_of_life/weighted/M_PL_005.csv,NA,NA
/networks/web_of_life/weighted/M_PL_005.csv,NA,NA
/networks/web_of_life/weighted/M_PL_005.csv,NA,NA
/networks/web_of_life/weighted/M_PL_005.csv,NA,NA
/networks/web_of_life/weighted/M_PL_005.csv,NA,NA
/networks/web_of_life/weighted/M_PL_005.csv,NA,NA
/networks/web_of_life/weighted/M_PL_005.csv,NA,NA
/networks/web_of_life/weighted/M_PL_005.csv,NA,NA
/networks/web_of_life/weighted/M_PL_005.csv,NA,NA
/networks/web_of_life/weighted/M_PL_005.csv,NA,NA
/networks/web_of_life/weighted/M_PL_005.csv,NA,NA
/networks/web_of_life/weighted/M_PL_028.csv,NA,NA
/networks/web_of_life/weighted/M_PL_028.csv,NA,NA
/networks/web_of_life/weighted/M_PL_028.csv,NA,NA
/networks/web_of_life/weighted/M_PL_028.csv,NA,NA
/networks/web_of_life/weighted/M_PL_028.csv,NA,NA
/networks/web_of_life/weighted/M_PL_028.csv,NA,NA
/networks/web_of_life/weighted/M_PL_072_09.csv,NA,NA
/networks/web_of_life/weighted/M_PL_072_09.csv,NA,NA
/networks/web_of_life/weighted/M_PL_072_09.csv,NA,NA
/networks/web_of_life/weighted/M_PL_072_09.csv,NA,NA
/networks/web_of_life/weighted/M_PL_072_08.csv,NA,NA
/networks/web_of_life/weighted/M_PL_072_08.csv,NA,NA
/networks/web_of_life/weighted/M_PL_072_08.csv,NA,NA
/networks/web_of_life/weighted/M_PL_029.csv,NA,NA
/networks/web_of_life/weighted/M_PL_029.csv,NA,NA
/networks/web_of_life/weighted/M_PL_029.csv,NA,NA
/networks/web_of_life/weighted/M_PL_001.csv,NA,NA
/networks/web_of_life/weighted/M_PL_001.csv,NA,NA
/networks/web_of_life/weighted/M_PL_001.csv,NA,NA
/networks/web_of_life/weighted/M_PL_015.csv,NA,NA
/networks/web_of_life/weighted/M_PL_015.csv,NA,NA
/networks/web_of_life/weighted/M_PL_015.csv,NA,NA
/networks/web_of_life/weighted/M_PL_015.csv,NA,NA
/networks/web_of_life/weighted/M_PL_015.csv,NA,NA
/networks/web_of_life/weighted/M_PL_015.csv,NA,NA
/networks/web_of_life/weighted/M_PL_015.csv,NA,NA
/networks/web_of_life/weighted/M_PL_015.csv,NA,NA
/networks/web_of_life/weighted/M_PL_062.csv,NA,NA
/networks/web_of_life/weighted/M_PL_062.csv,NA,NA
/networks/web_of_life/weighted/M_PL_062.csv,NA,NA
/networks/web_of_life/weighted/M_PL_062.csv,NA,NA
/networks/web_of_life/weighted/M_PL_062.csv,NA,NA
/networks/web_of_life/weighted/M_PL_062.csv,NA,NA
/networks/web_of_life/weighted/M_PL_062.csv,NA,NA
/networks/web_of_life/weighted/M_PL_062.csv,NA,NA
/networks/web_of_life/weighted/M_PL_062.csv,NA,NA
/networks/web_of_life/weighted/M_PL_062.csv,NA,NA
/networks/web_of_life/weighted/M_PL_062.csv,NA,NA
/networks/web_of_life/weighted/M_PL_062.csv,NA,NA
/networks/web_of_life/weighted/M_PL_062.csv,NA,NA
/networks/web_of_life/weighted/M_PL_062.csv,NA,NA
/networks/web_of_life/weighted/M_PL_062.csv,NA,NA
/networks/web_of_life/weighted/M_PL_048.csv,NA,NA
/networks/web_of_life/weighted/M_PL_048.csv,NA,NA
/networks/web_of_life/binary/M_PL_044.csv,NA,NA
/networks/web_of_life/binary/M_PL_044.csv,NA,NA
/networks/web_of_life/binary/M_PL_044.csv,NA,NA
/networks/web_of_life/binary/M_PL_044.csv,NA,NA
/networks/web_of_life/binary/M_PL_044.csv,NA,NA
/networks/web_of_life/binary/M_PL_044.csv,NA,NA
/networks/web_of_life/binary/M_PL_044.csv,NA,NA
/networks/web_of_life/binary/M_PL_044.csv,NA,NA
/networks/web_of_life/binary/M_PL_045.csv,NA,NA
/networks/web_of_life/binary/M_PL_056.csv,NA,NA
/networks/web_of_life/binary/M_PL_057.csv,NA,NA
/networks/web_of_life/binary/M_PL_057.csv,NA,NA
/networks/web_of_life/binary/M_PL_057.csv,NA,NA
/networks/web_of_life/binary/M_PL_057.csv,NA,NA
/networks/web_of_life/binary/M_PL_055.csv,NA,NA
/networks/web_of_life/binary/M_PL_055.csv,NA,NA
/networks/web_of_life/binary/M_PL_055.csv,NA,NA
/networks/web_of_life/binary/M_PL_055.csv,NA,NA
/networks/web_of_life/binary/M_PL_055.csv,NA,NA
/networks/web_of_life/binary/M_PL_055.csv,NA,NA
/networks/web_of_life/binary/M_PL_055.csv,NA,NA
/networks/web_of_life/binary/M_PL_055.csv,NA,NA
/networks/web_of_life/binary/M_PL_054.csv,NA,NA
/networks/web_of_life/binary/M_PL_054.csv,NA,NA
/networks/web_of_life/binary/M_PL_054.csv,NA,NA
/networks/web_of_life/binary/M_PL_054.csv,NA,NA
/networks/web_of_life/binary/M_PL_054.csv,NA,NA
/networks/web_of_life/binary/M_PL_054.csv,NA,NA
/networks/web_of_life/binary/M_PL_054.csv,NA,NA
/networks/web_of_life/binary/M_PL_025.csv,NA,NA
/networks/web_of_life/binary/M_PL_019.csv,NA,NA
/networks/web_of_life/binary/M_PL_019.csv,NA,NA
/networks/web_of_life/binary/M_PL_019.csv,NA,NA
/networks/web_of_life/binary/M_PL_019.csv,NA,NA
/networks/web_of_life/binary/M_PL_069_03.csv,nidularium inocentii,NA
/networks/web_of_life/binary/M_PL_006.csv,NA,NA
/networks/web_of_life/binary/M_PL_007.csv,NA,NA
/networks/web_of_life/binary/M_PL_069_02.csv,NA,NA
/networks/web_of_life/binary/M_PL_069_01.csv,NA,NA
/networks/web_of_life/binary/M_PL_017.csv,NA,NA
/networks/web_of_life/binary/M_PL_017.csv,NA,NA
/networks/web_of_life/binary/M_PL_058.csv,NA,NA
/networks/web_of_life/binary/M_PL_058.csv,NA,NA
/networks/web_of_life/binary/M_PL_058.csv,NA,NA
/networks/web_of_life/binary/M_PL_058.csv,NA,NA
/networks/web_of_life/binary/M_PL_058.csv,NA,NA
/networks/web_of_life/binary/M_PL_058.csv,NA,NA
/networks/web_of_life/binary/M_PL_066.csv,NA,NA
/networks/web_of_life/binary/M_PL_066.csv,NA,NA
/networks/web_of_life/binary/M_PL_073.csv,NA,NA
/networks/mangal/weighted/948.csv,NA,NA
/networks/mangal/weighted/5129.csv,NA,NA
/networks/mangal/weighted/5129.csv,NA,NA
/networks/mangal/weighted/5129.csv,NA,NA
/networks/mangal/weighted/5129.csv,NA,NA
/networks/mangal/weighted/5129.csv,NA,NA
/networks/mangal/weighted/5129.csv,NA,NA
/networks/mangal/weighted/5128.csv,NA,NA
/networks/mangal/weighted/5128.csv,NA,NA
/networks/mangal/weighted/5138.csv,NA,NA
/networks/mangal/weighted/5138.csv,NA,NA
/networks/mangal/weighted/5138.csv,NA,NA
/networks/mangal/weighted/5138.csv,NA,NA
/networks/mangal/weighted/5138.csv,NA,NA
/networks/mangal/weighted/5139.csv,NA,NA
/networks/mangal/weighted/5139.csv,NA,NA
/networks/mangal/weighted/5139.csv,NA,NA
/networks/mangal/weighted/1598.csv,NA,NA
/networks/mangal/weighted/5015.csv,NA,NA
/networks/mangal/weighted/5015.csv,NA,NA
/networks/mangal/weighted/5015.csv,NA,NA
/networks/mangal/weighted/5161.csv,arenaria_congesta,NA
/networks/mangal/weighted/5161.csv,erigeron_speciosus,NA
/networks/mangal/weighted/5161.csv,heterotheca_villosa,NA
/networks/mangal/weighted/5161.csv,potentilla_hippiana,NA
/networks/mangal/weighted/5175.csv,NA,NA
/networks/mangal/weighted/5175.csv,NA,NA
/networks/mangal/weighted/5175.csv,NA,NA
/networks/mangal/weighted/5175.csv,NA,NA
/networks/mangal/weighted/5175.csv,NA,NA
/networks/mangal/weighted/5175.csv,NA,NA
/networks/mangal/weighted/5149.csv,erigeron_speciosus,NA
/networks/mangal/weighted/5149.csv,heliomeris_multiflora,NA
/networks/mangal/weighted/5149.csv,heterotheca_villosa,NA
/networks/mangal/weighted/5149.csv,arenaria_congesta,NA
/networks/mangal/weighted/5149.csv,campanula_rotundifolia,NA
/networks/mangal/weighted/5149.csv,senecio_serra,NA
/networks/mangal/weighted/5149.csv,potentilla_hippiana,NA
/networks/mangal/weighted/5148.csv,NA,NA
/networks/mangal/weighted/5148.csv,NA,NA
/networks/mangal/weighted/5148.csv,NA,NA
/networks/mangal/weighted/5148.csv,NA,NA
/networks/mangal/weighted/5148.csv,NA,NA
/networks/mangal/weighted/5148.csv,NA,NA
/networks/mangal/weighted/5148.csv,NA,NA
/networks/mangal/weighted/5148.csv,NA,NA
/networks/mangal/weighted/5148.csv,NA,NA
/networks/mangal/weighted/5148.csv,NA,NA
/networks/mangal/weighted/5174.csv,NA,NA
/networks/mangal/weighted/5174.csv,NA,NA
/networks/mangal/weighted/5174.csv,NA,NA
/networks/mangal/weighted/5174.csv,NA,NA
/networks/mangal/weighted/5174.csv,NA,NA
/networks/mangal/weighted/5174.csv,NA,NA
/networks/mangal/weighted/5174.csv,NA,NA
/networks/mangal/weighted/5160.csv,NA,NA
/networks/mangal/weighted/5160.csv,NA,NA
/networks/mangal/weighted/5160.csv,NA,NA
/networks/mangal/weighted/5160.csv,NA,NA
/networks/mangal/weighted/5160.csv,NA,NA
/networks/mangal/weighted/5200.csv,NA,NA
/networks/mangal/weighted/5200.csv,NA,NA
/networks/mangal/weighted/5200.csv,NA,NA
/networks/mangal/weighted/928.csv,NA,NA
/networks/mangal/weighted/5016.csv,NA,NA
/networks/mangal/weighted/5016.csv,NA,NA
/networks/mangal/weighted/5016.csv,NA,NA
/networks/mangal/weighted/5189.csv,NA,NA
/networks/mangal/weighted/5189.csv,NA,NA
/networks/mangal/weighted/5189.csv,NA,NA
/networks/mangal/weighted/5189.csv,NA,NA
/networks/mangal/weighted/5189.csv,NA,NA
/networks/mangal/weighted/5189.csv,NA,NA
/networks/mangal/weighted/5176.csv,NA,NA
/networks/mangal/weighted/5176.csv,delphinium_nuttallianum,NA
/networks/mangal/weighted/5176.csv,NA,NA
/networks/mangal/weighted/5176.csv,NA,NA
/networks/mangal/weighted/5176.csv,androsace_septentrionalis,NA
/networks/mangal/weighted/5162.csv,NA,NA
/networks/mangal/weighted/5162.csv,NA,NA
/networks/mangal/weighted/5162.csv,NA,NA
/networks/mangal/weighted/5162.csv,NA,NA
/networks/mangal/weighted/5162.csv,NA,NA
/networks/mangal/weighted/5162.csv,NA,NA
/networks/mangal/weighted/5163.csv,NA,NA
/networks/mangal/weighted/5163.csv,NA,NA
/networks/mangal/weighted/5163.csv,NA,NA
/networks/mangal/weighted/5163.csv,NA,NA
/networks/mangal/weighted/5163.csv,NA,NA
/networks/mangal/weighted/5163.csv,NA,NA
/networks/mangal/weighted/5163.csv,NA,NA
/networks/mangal/weighted/5177.csv,NA,NA
/networks/mangal/weighted/5177.csv,NA,NA
/networks/mangal/weighted/5177.csv,NA,NA
/networks/mangal/weighted/5177.csv,NA,NA
/networks/mangal/weighted/5177.csv,NA,NA
/networks/mangal/weighted/5188.csv,NA,NA
/networks/mangal/weighted/5188.csv,hydrophyllum_capitatum,NA
/networks/mangal/weighted/5188.csv,androsace_septentrionalis,NA
/networks/mangal/weighted/5188.csv,NA,NA
/networks/mangal/weighted/5188.csv,viola_praemorsa,NA
/networks/mangal/weighted/5198.csv,NA,NA
/networks/mangal/weighted/5198.csv,NA,NA
/networks/mangal/weighted/5198.csv,NA,NA
/networks/mangal/weighted/5198.csv,NA,NA
/networks/mangal/weighted/5198.csv,NA,NA
/networks/mangal/weighted/5198.csv,NA,NA
/networks/mangal/weighted/5198.csv,NA,NA
/networks/mangal/weighted/5198.csv,NA,NA
/networks/mangal/weighted/5198.csv,NA,NA
/networks/mangal/weighted/5173.csv,NA,NA
/networks/mangal/weighted/5173.csv,NA,NA
/networks/mangal/weighted/5173.csv,NA,NA
/networks/mangal/weighted/5173.csv,NA,NA
/networks/mangal/weighted/5173.csv,NA,NA
/networks/mangal/weighted/5173.csv,NA,NA
/networks/mangal/weighted/5173.csv,NA,NA
/networks/mangal/weighted/5173.csv,NA,NA
/networks/mangal/weighted/19.csv,NA,NA
/networks/mangal/weighted/19.csv,NA,NA
/networks/mangal/weighted/19.csv,NA,NA
/networks/mangal/weighted/19.csv,NA,NA
/networks/mangal/weighted/19.csv,NA,NA
/networks/mangal/weighted/19.csv,NA,NA
/networks/mangal/weighted/19.csv,NA,NA
/networks/mangal/weighted/19.csv,NA,NA
/networks/mangal/weighted/19.csv,NA,NA
/networks/mangal/weighted/19.csv,NA,NA
/networks/mangal/weighted/19.csv,NA,NA
/networks/mangal/weighted/5167.csv,NA,NA
/networks/mangal/weighted/5167.csv,NA,NA
/networks/mangal/weighted/5167.csv,NA,NA
/networks/mangal/weighted/5166.csv,NA,NA
/networks/mangal/weighted/5166.csv,NA,NA
/networks/mangal/weighted/5172.csv,NA,NA
/networks/mangal/weighted/5172.csv,NA,NA
/networks/mangal/weighted/5172.csv,NA,NA
/networks/mangal/weighted/5172.csv,NA,NA
/networks/mangal/weighted/5172.csv,NA,NA
/networks/mangal/weighted/5199.csv,NA,NA
/networks/mangal/weighted/5199.csv,NA,NA
/networks/mangal/weighted/5199.csv,NA,NA
/networks/mangal/weighted/5199.csv,NA,NA
/networks/mangal/weighted/5199.csv,NA,NA
/networks/mangal/weighted/5158.csv,NA,NA
/networks/mangal/weighted/5158.csv,NA,NA
/networks/mangal/weighted/5158.csv,NA,NA
/networks/mangal/weighted/5164.csv,NA,NA
/networks/mangal/weighted/5164.csv,NA,NA
/networks/mangal/weighted/5164.csv,NA,NA
/networks/mangal/weighted/5164.csv,NA,NA
/networks/mangal/weighted/5164.csv,NA,NA
/networks/mangal/weighted/5164.csv,NA,NA
/networks/mangal/weighted/5164.csv,NA,NA
/networks/mangal/weighted/5170.csv,NA,NA
/networks/mangal/weighted/5171.csv,NA,NA
/networks/mangal/weighted/5171.csv,NA,NA
/networks/mangal/weighted/5171.csv,NA,NA
/networks/mangal/weighted/5171.csv,NA,NA
/networks/mangal/weighted/5165.csv,NA,NA
/networks/mangal/weighted/5165.csv,NA,NA
/networks/mangal/weighted/5165.csv,NA,NA
/networks/mangal/weighted/5165.csv,NA,NA
/networks/mangal/weighted/5165.csv,NA,NA
/networks/mangal/weighted/5165.csv,NA,NA
/networks/mangal/weighted/5159.csv,NA,NA
/networks/mangal/weighted/5159.csv,NA,NA
/networks/mangal/weighted/5159.csv,NA,NA
/networks/mangal/weighted/5020.csv,NA,NA
/networks/mangal/weighted/5020.csv,NA,NA
/networks/mangal/weighted/5020.csv,NA,NA
/networks/mangal/weighted/5183.csv,NA,NA
/networks/mangal/weighted/5183.csv,NA,NA
/networks/mangal/weighted/5183.csv,NA,NA
/networks/mangal/weighted/5183.csv,NA,NA
/networks/mangal/weighted/5183.csv,NA,NA
/networks/mangal/weighted/5183.csv,NA,NA
/networks/mangal/weighted/5197.csv,potentilla_hippiana,NA
/networks/mangal/weighted/5197.csv,NA,NA
/networks/mangal/weighted/5197.csv,NA,NA
/networks/mangal/weighted/5197.csv,heliomeris_multiflora,NA
/networks/mangal/weighted/5197.csv,heterotheca_villosa,NA
/networks/mangal/weighted/5197.csv,NA,NA
/networks/mangal/weighted/5197.csv,achillea_millefolium,NA
/networks/mangal/weighted/5197.csv,NA,NA
/networks/mangal/weighted/5197.csv,NA,NA
/networks/mangal/weighted/5140.csv,NA,NA
/networks/mangal/weighted/5140.csv,NA,NA
/networks/mangal/weighted/5140.csv,NA,NA
/networks/mangal/weighted/5140.csv,NA,NA
/networks/mangal/weighted/5154.csv,NA,NA
/networks/mangal/weighted/5154.csv,NA,NA
/networks/mangal/weighted/5154.csv,NA,NA
/networks/mangal/weighted/5154.csv,NA,NA
/networks/mangal/weighted/5168.csv,NA,NA
/networks/mangal/weighted/5168.csv,NA,NA
/networks/mangal/weighted/5169.csv,heliomeris_multiflora,NA
/networks/mangal/weighted/5169.csv,heterotheca_villosa,NA
/networks/mangal/weighted/5141.csv,NA,NA
/networks/mangal/weighted/5141.csv,NA,NA
/networks/mangal/weighted/5141.csv,NA,NA
/networks/mangal/weighted/5141.csv,NA,NA
/networks/mangal/weighted/5196.csv,NA,NA
/networks/mangal/weighted/5196.csv,NA,NA
/networks/mangal/weighted/5196.csv,NA,NA
/networks/mangal/weighted/5196.csv,NA,NA
/networks/mangal/weighted/5196.csv,NA,NA
/networks/mangal/weighted/5196.csv,NA,NA
/networks/mangal/weighted/5196.csv,NA,NA
/networks/mangal/weighted/5196.csv,NA,NA
/networks/mangal/weighted/5196.csv,NA,NA
/networks/mangal/weighted/5196.csv,NA,NA
/networks/mangal/weighted/5196.csv,NA,NA
/networks/mangal/weighted/5182.csv,NA,NA
/networks/mangal/weighted/5182.csv,NA,NA
/networks/mangal/weighted/5182.csv,NA,NA
/networks/mangal/weighted/5182.csv,NA,NA
/networks/mangal/weighted/5182.csv,NA,NA
/networks/mangal/weighted/5182.csv,senecio_integerrimus,NA
/networks/mangal/weighted/5182.csv,NA,NA
/networks/mangal/weighted/5182.csv,NA,NA
/networks/mangal/weighted/5182.csv,NA,NA
/networks/mangal/weighted/5182.csv,NA,NA
/networks/mangal/weighted/5021.csv,sonchus tenerrinus,NA
/networks/mangal/weighted/5023.csv,NA,NA
/networks/mangal/weighted/935.csv,NA,NA
/networks/mangal/weighted/5194.csv,NA,NA
/networks/mangal/weighted/5194.csv,senecio_integerrimus,NA
/networks/mangal/weighted/5194.csv,NA,NA
/networks/mangal/weighted/5194.csv,NA,NA
/networks/mangal/weighted/5194.csv,NA,NA
/networks/mangal/weighted/5194.csv,NA,NA
/networks/mangal/weighted/5194.csv,NA,NA
/networks/mangal/weighted/5194.csv,NA,NA
/networks/mangal/weighted/5180.csv,heterotheca_villosa,NA
/networks/mangal/weighted/5180.csv,potentilla_gracilis,NA
/networks/mangal/weighted/5180.csv,NA,NA
/networks/mangal/weighted/5180.csv,NA,NA
/networks/mangal/weighted/5180.csv,erigeron_speciosus,NA
/networks/mangal/weighted/5180.csv,potentilla_hippiana,NA
/networks/mangal/weighted/5180.csv,NA,NA
/networks/mangal/weighted/5180.csv,NA,NA
/networks/mangal/weighted/5180.csv,arenaria_congesta,NA
/networks/mangal/weighted/5180.csv,NA,NA
/networks/mangal/weighted/5180.csv,NA,NA
/networks/mangal/weighted/5180.csv,senecio_integerrimus,NA
/networks/mangal/weighted/5157.csv,NA,NA
/networks/mangal/weighted/5157.csv,NA,NA
/networks/mangal/weighted/5157.csv,NA,NA
/networks/mangal/weighted/5157.csv,NA,NA
/networks/mangal/weighted/5157.csv,NA,NA
/networks/mangal/weighted/5143.csv,NA,NA
/networks/mangal/weighted/5143.csv,NA,NA
/networks/mangal/weighted/15.csv,NA,NA
/networks/mangal/weighted/15.csv,NA,NA
/networks/mangal/weighted/15.csv,NA,NA
/networks/mangal/weighted/15.csv,NA,NA
/networks/mangal/weighted/15.csv,NA,NA
/networks/mangal/weighted/5142.csv,NA,NA
/networks/mangal/weighted/5142.csv,NA,NA
/networks/mangal/weighted/5142.csv,NA,NA
/networks/mangal/weighted/5142.csv,NA,NA
/networks/mangal/weighted/5142.csv,NA,NA
/networks/mangal/weighted/5142.csv,NA,NA
/networks/mangal/weighted/5181.csv,NA,NA
/networks/mangal/weighted/5181.csv,NA,NA
/networks/mangal/weighted/5181.csv,NA,NA
/networks/mangal/weighted/5181.csv,NA,NA
/networks/mangal/weighted/5181.csv,NA,NA
/networks/mangal/weighted/5181.csv,NA,NA
/networks/mangal/weighted/5181.csv,NA,NA
/networks/mangal/weighted/5181.csv,NA,NA
/networks/mangal/weighted/5181.csv,NA,NA
/networks/mangal/weighted/5181.csv,NA,NA
/networks/mangal/weighted/5181.csv,NA,NA
/networks/mangal/weighted/5195.csv,potentilla_hippiana,NA
/networks/mangal/weighted/5195.csv,campanula_rotundifolia,NA
/networks/mangal/weighted/5195.csv,heterotheca_villosa,NA
/networks/mangal/weighted/5195.csv,NA,NA
/networks/mangal/weighted/5195.csv,erigeron_speciosus,NA
/networks/mangal/weighted/5195.csv,arenaria_congesta,NA
/networks/mangal/weighted/5195.csv,senecio_integerrimus,NA
/networks/mangal/weighted/5195.csv,potentilla_gracilis,NA
/networks/mangal/weighted/5195.csv,NA,NA
/networks/mangal/weighted/5195.csv,achillea_millefolium,NA
/networks/mangal/weighted/5022.csv,NA,NA
/networks/mangal/weighted/5022.csv,NA,NA
/networks/mangal/weighted/908.csv,NA,NA
/networks/mangal/weighted/5026.csv,NA,NA
/networks/mangal/weighted/5026.csv,NA,NA
/networks/mangal/weighted/5026.csv,NA,NA
/networks/mangal/weighted/5191.csv,NA,NA
/networks/mangal/weighted/5191.csv,NA,NA
/networks/mangal/weighted/5191.csv,NA,NA
/networks/mangal/weighted/5191.csv,potentilla_hippiana,NA
/networks/mangal/weighted/5191.csv,NA,NA
/networks/mangal/weighted/5191.csv,NA,NA
/networks/mangal/weighted/5185.csv,heliomeris_multiflora,NA
/networks/mangal/weighted/5185.csv,heterotheca_villosa,NA
/networks/mangal/weighted/5152.csv,NA,NA
/networks/mangal/weighted/5152.csv,NA,NA
/networks/mangal/weighted/5152.csv,NA,NA
/networks/mangal/weighted/5152.csv,NA,NA
/networks/mangal/weighted/5146.csv,NA,NA
/networks/mangal/weighted/5146.csv,NA,NA
/networks/mangal/weighted/5146.csv,NA,NA
/networks/mangal/weighted/5146.csv,NA,NA
/networks/mangal/weighted/5146.csv,NA,NA
/networks/mangal/weighted/5146.csv,NA,NA
/networks/mangal/weighted/5146.csv,NA,NA
/networks/mangal/weighted/5146.csv,NA,NA
/networks/mangal/weighted/5146.csv,NA,NA
/networks/mangal/weighted/5146.csv,NA,NA
/networks/mangal/weighted/5146.csv,NA,NA
/networks/mangal/weighted/5147.csv,NA,NA
/networks/mangal/weighted/5147.csv,NA,NA
/networks/mangal/weighted/5147.csv,NA,NA
/networks/mangal/weighted/5147.csv,NA,NA
/networks/mangal/weighted/5147.csv,NA,NA
/networks/mangal/weighted/5147.csv,NA,NA
/networks/mangal/weighted/5153.csv,NA,NA
/networks/mangal/weighted/5153.csv,NA,NA
/networks/mangal/weighted/5153.csv,NA,NA
/networks/mangal/weighted/5184.csv,NA,NA
/networks/mangal/weighted/5184.csv,NA,NA
/networks/mangal/weighted/5184.csv,NA,NA
/networks/mangal/weighted/5184.csv,NA,NA
/networks/mangal/weighted/5184.csv,NA,NA
/networks/mangal/weighted/5190.csv,NA,NA
/networks/mangal/weighted/5190.csv,NA,NA
/networks/mangal/weighted/5190.csv,NA,NA
/networks/mangal/weighted/5190.csv,NA,NA
/networks/mangal/weighted/5190.csv,NA,NA
/networks/mangal/weighted/5190.csv,NA,NA
/networks/mangal/weighted/5019.csv,NA,NA
/networks/mangal/weighted/5019.csv,NA,NA
/networks/mangal/weighted/5025.csv,NA,NA
/networks/mangal/weighted/5025.csv,NA,NA
/networks/mangal/weighted/5186.csv,NA,NA
/networks/mangal/weighted/5186.csv,NA,NA
/networks/mangal/weighted/5192.csv,NA,NA
/networks/mangal/weighted/5192.csv,NA,NA
/networks/mangal/weighted/5192.csv,NA,NA
/networks/mangal/weighted/5192.csv,potentilla_hippiana,NA
/networks/mangal/weighted/5179.csv,NA,NA
/networks/mangal/weighted/5179.csv,NA,NA
/networks/mangal/weighted/5179.csv,NA,NA
/networks/mangal/weighted/5179.csv,NA,NA
/networks/mangal/weighted/5179.csv,NA,NA
/networks/mangal/weighted/5179.csv,arenaria_congesta,NA
/networks/mangal/weighted/5179.csv,NA,NA
/networks/mangal/weighted/5179.csv,heterotheca_villosa,NA
/networks/mangal/weighted/5179.csv,potentilla_gracilis,NA
/networks/mangal/weighted/5179.csv,senecio_integerrimus,NA
/networks/mangal/weighted/5179.csv,NA,NA
/networks/mangal/weighted/5145.csv,NA,NA
/networks/mangal/weighted/5145.csv,NA,NA
/networks/mangal/weighted/5145.csv,senecio_integerrimus,NA
/networks/mangal/weighted/5145.csv,NA,NA
/networks/mangal/weighted/5151.csv,NA,NA
/networks/mangal/weighted/5151.csv,NA,NA
/networks/mangal/weighted/5151.csv,NA,NA
/networks/mangal/weighted/5150.csv,NA,NA
/networks/mangal/weighted/5150.csv,NA,NA
/networks/mangal/weighted/5150.csv,NA,NA
/networks/mangal/weighted/5150.csv,NA,NA
/networks/mangal/weighted/5150.csv,NA,NA
/networks/mangal/weighted/5144.csv,NA,NA
/networks/mangal/weighted/5144.csv,senecio_integerrimus,NA
/networks/mangal/weighted/5144.csv,NA,NA
/networks/mangal/weighted/5144.csv,potentilla_gracilis,NA
/networks/mangal/weighted/5144.csv,vicia_americana,NA
/networks/mangal/weighted/5144.csv,NA,NA
/networks/mangal/weighted/5144.csv,NA,NA
/networks/mangal/weighted/5144.csv,NA,NA
/networks/mangal/weighted/5178.csv,NA,NA
/networks/mangal/weighted/5178.csv,NA,NA
/networks/mangal/weighted/5178.csv,NA,NA
/networks/mangal/weighted/5178.csv,NA,NA
/networks/mangal/weighted/5178.csv,NA,NA
/networks/mangal/weighted/5178.csv,NA,NA
/networks/mangal/weighted/5178.csv,NA,NA
/networks/mangal/weighted/5178.csv,NA,NA
/networks/mangal/weighted/5178.csv,NA,NA
/networks/mangal/weighted/5193.csv,NA,NA
/networks/mangal/weighted/5193.csv,NA,NA
/networks/mangal/weighted/5193.csv,NA,NA
/networks/mangal/weighted/5193.csv,NA,NA
/networks/mangal/weighted/5187.csv,NA,NA
/networks/mangal/weighted/5187.csv,NA,NA
/networks/mangal/weighted/5187.csv,NA,NA
/networks/mangal/weighted/5187.csv,NA,NA
/networks/mangal/weighted/5024.csv,NA,NA
/networks/mangal/weighted/5123.csv,NA,NA
/networks/mangal/weighted/5123.csv,NA,NA
/networks/mangal/weighted/5123.csv,NA,NA
/networks/mangal/weighted/5137.csv,NA,NA
/networks/mangal/weighted/5137.csv,NA,NA
/networks/mangal/weighted/5137.csv,NA,NA
/networks/mangal/weighted/5137.csv,NA,NA
/networks/mangal/weighted/5137.csv,NA,NA
/networks/mangal/weighted/5136.csv,NA,NA
/networks/mangal/weighted/5136.csv,NA,NA
/networks/mangal/weighted/5136.csv,NA,NA
/networks/mangal/weighted/5136.csv,NA,NA
/networks/mangal/weighted/5134.csv,NA,NA
/networks/mangal/weighted/5134.csv,NA,NA
/networks/mangal/weighted/5134.csv,NA,NA
/networks/mangal/weighted/5134.csv,NA,NA
/networks/mangal/weighted/5134.csv,NA,NA
/networks/mangal/weighted/5135.csv,NA,NA
/networks/mangal/weighted/5135.csv,NA,NA
/networks/mangal/weighted/5135.csv,NA,NA
/networks/mangal/weighted/5135.csv,NA,NA
/networks/mangal/weighted/5131.csv,NA,NA
/networks/mangal/weighted/5131.csv,NA,NA
/networks/mangal/weighted/5131.csv,NA,NA
/networks/mangal/weighted/5131.csv,NA,NA
/networks/mangal/weighted/5131.csv,NA,NA
/networks/mangal/weighted/5125.csv,NA,NA
/networks/mangal/weighted/5125.csv,NA,NA
/networks/mangal/weighted/5125.csv,NA,NA
/networks/mangal/weighted/5125.csv,NA,NA
/networks/mangal/weighted/5125.csv,NA,NA
/networks/mangal/weighted/5124.csv,NA,NA
/networks/mangal/weighted/5124.csv,NA,NA
/networks/mangal/weighted/5124.csv,NA,NA
/networks/mangal/weighted/5124.csv,NA,NA
/networks/mangal/weighted/5124.csv,NA,NA
/networks/mangal/weighted/5130.csv,NA,NA
/networks/mangal/weighted/5130.csv,NA,NA
/networks/mangal/weighted/5130.csv,NA,NA
/networks/mangal/weighted/5130.csv,NA,NA
/networks/mangal/weighted/5130.csv,NA,NA
/networks/mangal/weighted/5130.csv,NA,NA
/networks/mangal/weighted/5126.csv,NA,NA
/networks/mangal/weighted/5126.csv,NA,NA
/networks/mangal/weighted/5126.csv,NA,NA
/networks/mangal/weighted/5126.csv,NA,NA
/networks/mangal/weighted/5132.csv,NA,NA
/networks/mangal/weighted/5132.csv,NA,NA
/networks/mangal/weighted/5132.csv,NA,NA
/networks/mangal/weighted/2462.csv,NA,NA
/networks/mangal/weighted/2462.csv,NA,NA
/networks/mangal/weighted/2462.csv,NA,NA
/networks/mangal/weighted/2462.csv,NA,NA
/networks/mangal/weighted/2462.csv,NA,NA
/networks/mangal/weighted/2462.csv,NA,NA
/networks/mangal/weighted/2462.csv,NA,NA
/networks/mangal/weighted/2462.csv,NA,NA
/networks/mangal/weighted/5133.csv,NA,NA
/networks/mangal/weighted/5133.csv,NA,NA
/networks/mangal/weighted/5133.csv,NA,NA
/networks/mangal/weighted/5133.csv,NA,NA
/networks/mangal/weighted/5133.csv,NA,NA
/networks/mangal/weighted/5133.csv,NA,NA
/networks/mangal/weighted/5127.csv,NA,NA
/networks/mangal/weighted/5127.csv,NA,NA
/networks/mangal/weighted/5127.csv,NA,NA
/networks/mangal/weighted/945.csv,NA,NA
/networks/mangal/binary/949.csv,NA,NA
/networks/mangal/binary/949.csv,NA,NA
/networks/mangal/binary/949.csv,NA,NA
/networks/mangal/binary/949.csv,NA,NA
/networks/mangal/binary/949.csv,NA,NA
/networks/mangal/binary/1677.csv,NA,NA
/networks/mangal/binary/1677.csv,NA,NA
/networks/mangal/binary/1677.csv,NA,NA
/networks/mangal/binary/1676.csv,NA,NA
/networks/mangal/binary/1676.csv,NA,NA
/networks/mangal/binary/1676.csv,NA,NA
/networks/mangal/binary/1676.csv,NA,NA
/networks/mangal/binary/1676.csv,NA,NA
/networks/mangal/binary/1676.csv,NA,NA
/networks/mangal/binary/1675.csv,NA,NA
/networks/mangal/binary/1675.csv,NA,NA
/networks/mangal/binary/1675.csv,NA,NA
/networks/mangal/binary/1675.csv,NA,NA
/networks/mangal/binary/938.csv,NA,NA
/networks/mangal/binary/938.csv,NA,NA
/networks/mangal/binary/938.csv,NA,NA
/networks/mangal/binary/955.csv,NA,NA
/networks/mangal/binary/955.csv,NA,NA
/networks/mangal/binary/955.csv,NA,NA
/networks/mangal/binary/940.csv,NA,NA
/networks/mangal/binary/940.csv,NA,NA
/networks/mangal/binary/940.csv,NA,NA
/networks/mangal/binary/940.csv,NA,NA
/networks/mangal/binary/940.csv,NA,NA
/networks/mangal/binary/950.csv,NA,NA
